model,question,correct,seconds,prompt_chars
glm-edge-1.5b Q5_1,0,1,0.1425,321
glm-edge-1.5b Q5_1,1,1,0.0937,444
glm-edge-1.5b Q5_1,2,1,0.1011,355
glm-edge-1.5b Q5_1,3,1,0.1132,408
glm-edge-1.5b Q5_1,4,0,0.1150,470
glm-edge-1.5b Q5_1,5,1,0.1181,499
glm-edge-1.5b Q5_1,6,1,0.1139,516
glm-edge-1.5b Q5_1,7,1,0.1071,342
glm-edge-1.5b Q5_1,8,0,0.1146,480
glm-edge-1.5b Q5_1,9,1,0.0776,224
glm-edge-1.5b Q5_1,10,0,0.0713,275
glm-edge-1.5b Q5_1,11,0,0.0705,262
glm-edge-1.5b Q5_1,12,0,0.1085,185
glm-edge-1.5b Q5_1,13,1,0.1065,293
glm-edge-1.5b Q5_1,14,1,0.0667,168
glm-edge-1.5b Q5_1,15,1,0.0703,153
glm-edge-1.5b Q5_1,16,1,0.1181,468
glm-edge-1.5b Q5_1,17,1,0.1143,338
glm-edge-1.5b Q5_1,18,1,0.1120,485
glm-edge-1.5b Q5_1,19,0,0.1063,352
glm-edge-1.5b Q5_1,20,1,0.1096,332
glm-edge-1.5b Q5_1,21,1,0.1109,322
glm-edge-1.5b Q5_1,22,1,0.0712,232
glm-edge-1.5b Q5_1,23,1,0.1126,325
glm-edge-1.5b Q5_1,24,0,0.0660,105
glm-edge-1.5b Q5_1,25,0,0.0718,235
glm-edge-1.5b Q5_1,26,0,0.1104,436
glm-edge-1.5b Q5_1,27,1,0.1154,446
glm-edge-1.5b Q5_1,28,0,0.1102,319
glm-edge-1.5b Q5_1,29,1,0.0663,167
glm-edge-1.5b Q5_1,30,1,0.1123,379
glm-edge-1.5b Q5_1,31,1,0.0694,289
glm-edge-1.5b Q5_1,32,1,0.0699,192
glm-edge-1.5b Q5_1,33,1,0.0706,241
glm-edge-1.5b Q5_1,34,0,0.0676,128
glm-edge-1.5b Q5_1,35,0,0.1124,445
glm-edge-1.5b Q5_1,36,1,0.1101,376
glm-edge-1.5b Q5_1,37,0,0.1096,274
glm-edge-1.5b Q5_1,38,1,0.0703,284
glm-edge-1.5b Q5_1,39,1,0.1098,431
glm-edge-1.5b Q5_1,40,1,0.0700,270
glm-edge-1.5b Q5_1,41,0,0.0686,179
glm-edge-1.5b Q5_1,42,1,0.0701,129
glm-edge-1.5b Q5_1,43,1,0.1054,302
glm-edge-1.5b Q5_1,44,1,0.1089,380
glm-edge-1.5b Q5_1,45,1,0.0675,134
glm-edge-1.5b Q5_1,46,1,0.0678,153
glm-edge-1.5b Q5_1,47,1,0.0674,163
glm-edge-1.5b Q5_1,48,0,0.0683,221
glm-edge-1.5b Q5_1,49,0,0.0711,197
glm-edge-1.5b Q5_1,50,0,0.1116,419
glm-edge-1.5b Q5_1,51,1,0.1087,286
glm-edge-1.5b Q5_1,52,0,0.0685,196
glm-edge-1.5b Q5_1,53,0,0.0710,254
glm-edge-1.5b Q5_1,54,0,0.1066,312
glm-edge-1.5b Q5_1,55,1,0.1850,580
glm-edge-1.5b Q5_1,56,1,0.1088,316
glm-edge-1.5b Q5_1,57,1,0.1107,349
glm-edge-1.5b Q5_1,58,0,0.0662,154
glm-edge-1.5b Q5_1,59,1,0.1864,458
glm-edge-1.5b Q5_1,60,1,0.0723,147
glm-edge-1.5b Q5_1,61,1,0.0662,180
glm-edge-1.5b Q5_1,62,1,0.0700,191
glm-edge-1.5b Q5_1,63,1,0.0679,138
glm-edge-1.5b Q5_1,64,1,0.1167,480
glm-edge-1.5b Q5_1,65,1,0.0701,279
glm-edge-1.5b Q5_1,66,0,0.1151,343
glm-edge-1.5b Q5_1,67,0,0.1132,352
glm-edge-1.5b Q5_1,68,0,0.0682,182
glm-edge-1.5b Q5_1,69,0,0.0691,211
glm-edge-1.5b Q5_1,70,0,0.0709,228
glm-edge-1.5b Q5_1,71,1,0.0675,192
glm-edge-1.5b Q5_1,72,1,0.1168,391
glm-edge-1.5b Q5_1,73,1,0.0702,221
glm-edge-1.5b Q5_1,74,1,0.0705,296
glm-edge-1.5b Q5_1,75,0,0.0726,210
glm-edge-1.5b Q5_1,76,1,0.1104,399
glm-edge-1.5b Q5_1,77,1,0.1124,356
glm-edge-1.5b Q5_1,78,1,0.1115,327
glm-edge-1.5b Q5_1,79,0,0.0679,155
glm-edge-1.5b Q5_1,80,1,0.0699,193
glm-edge-1.5b Q5_1,81,1,0.0716,263
glm-edge-1.5b Q5_1,82,0,0.0686,138
glm-edge-1.5b Q5_1,83,0,0.0666,163
glm-edge-1.5b Q5_1,84,0,0.1183,505
glm-edge-1.5b Q5_1,85,1,0.0697,178
glm-edge-1.5b Q5_1,86,1,0.1861,600
glm-edge-1.5b Q5_1,87,1,0.1153,431
glm-edge-1.5b Q5_1,88,0,0.1104,221
glm-edge-1.5b Q5_1,89,0,0.0691,219
glm-edge-1.5b Q5_1,90,1,0.0697,174
glm-edge-1.5b Q5_1,91,0,0.1118,346
glm-edge-1.5b Q5_1,92,0,0.1098,307
glm-edge-1.5b Q5_1,93,1,0.1181,557
glm-edge-1.5b Q5_1,94,1,0.1054,289
glm-edge-1.5b Q5_1,95,0,0.0706,241
glm-edge-1.5b Q5_1,96,1,0.1101,388
glm-edge-1.5b Q5_1,97,1,0.0682,201
glm-edge-1.5b Q5_1,98,1,0.1078,232
glm-edge-1.5b Q5_1,99,1,0.1107,270
glm-edge-1.5b Q5_1,100,1,0.1106,466
glm-edge-1.5b Q5_1,101,1,0.1070,272
glm-edge-1.5b Q5_1,102,0,0.0685,165
glm-edge-1.5b Q5_1,103,1,0.0710,185
glm-edge-1.5b Q5_1,104,1,0.0681,232
glm-edge-1.5b Q5_1,105,0,0.1087,293
glm-edge-1.5b Q5_1,106,1,0.0706,248
glm-edge-1.5b Q5_1,107,1,0.1092,345
glm-edge-1.5b Q5_1,108,1,0.1082,294
glm-edge-1.5b Q5_1,109,0,0.0677,144
glm-edge-1.5b Q5_1,110,0,0.1185,489
glm-edge-1.5b Q5_1,111,0,0.0697,243
glm-edge-1.5b Q5_1,112,0,0.1077,284
glm-edge-1.5b Q5_1,113,1,0.0715,177
glm-edge-1.5b Q5_1,114,1,0.0691,238
glm-edge-1.5b Q5_1,115,1,0.0719,218
glm-edge-1.5b Q5_1,116,1,0.0690,244
glm-edge-1.5b Q5_1,117,1,0.0676,198
glm-edge-1.5b Q5_1,118,0,0.1095,247
glm-edge-1.5b Q5_1,119,1,0.1084,392
glm-edge-1.5b Q5_1,120,1,0.1118,348
glm-edge-1.5b Q5_1,121,0,0.0688,175
glm-edge-1.5b Q5_1,122,0,0.1082,314
glm-edge-1.5b Q5_1,123,1,0.1101,309
glm-edge-1.5b Q5_1,124,1,0.1071,334
glm-edge-1.5b Q5_1,125,1,0.0681,212
glm-edge-1.5b Q5_1,126,0,0.0687,143
glm-edge-1.5b Q5_1,127,0,0.0667,155
glm-edge-1.5b Q5_1,128,1,0.0655,126
glm-edge-1.5b Q5_1,129,1,0.0699,214
glm-edge-1.5b Q5_1,130,1,0.0669,154
glm-edge-1.5b Q5_1,131,1,0.0691,176
glm-edge-1.5b Q5_1,132,1,0.0701,168
glm-edge-1.5b Q5_1,133,1,0.0706,212
glm-edge-1.5b Q5_1,134,0,0.1120,356
glm-edge-1.5b Q5_1,135,1,0.1083,344
glm-edge-1.5b Q5_1,136,1,0.1184,380
glm-edge-1.5b Q5_1,137,1,0.0794,267
glm-edge-1.5b Q5_1,138,1,0.1077,309
glm-edge-1.5b Q5_1,139,0,0.0730,228
glm-edge-1.5b Q5_1,140,1,0.1142,295
glm-edge-1.5b Q5_1,141,1,0.1115,320
glm-edge-1.5b Q5_1,142,0,0.0800,217
glm-edge-1.5b Q5_1,143,0,0.1175,366
glm-edge-1.5b Q5_1,144,1,0.0806,193
glm-edge-1.5b Q5_1,145,1,0.1209,491
glm-edge-1.5b Q5_1,146,1,0.0786,184
glm-edge-1.5b Q5_1,147,1,0.0840,226
glm-edge-1.5b Q5_1,148,0,0.0831,91
glm-edge-1.5b Q5_1,149,1,0.0795,225
glm-edge-1.5b Q5_1,150,1,0.0801,257
glm-edge-1.5b Q5_1,151,1,0.0797,185
glm-edge-1.5b Q5_1,152,1,0.0781,163
glm-edge-1.5b Q5_1,153,0,0.1193,371
glm-edge-1.5b Q5_1,154,0,0.1514,319
glm-edge-1.5b Q5_1,155,1,0.0906,207
glm-edge-1.5b Q5_1,156,0,0.0741,118
glm-edge-1.5b Q5_1,157,1,0.0794,182
glm-edge-1.5b Q5_1,158,1,0.0868,177
glm-edge-1.5b Q5_1,159,1,0.0832,171
glm-edge-1.5b Q5_1,160,1,0.0812,265
glm-edge-1.5b Q5_1,161,1,0.0787,164
glm-edge-1.5b Q5_1,162,0,0.1240,532
glm-edge-1.5b Q5_1,163,1,0.0789,322
glm-edge-1.5b Q5_1,164,1,0.0806,152
glm-edge-1.5b Q5_1,165,1,0.0754,110
glm-edge-1.5b Q5_1,166,1,0.0829,228
glm-edge-1.5b Q5_1,167,0,0.0831,226
glm-edge-1.5b Q5_1,168,0,0.0796,192
glm-edge-1.5b Q5_1,169,1,0.1194,308
glm-edge-1.5b Q5_1,170,0,0.2007,324
glm-edge-1.5b Q5_1,171,0,0.1111,297
glm-edge-1.5b Q5_1,172,1,0.1118,332
glm-edge-1.5b Q5_1,173,1,0.0786,273
glm-edge-1.5b Q5_1,174,0,0.0775,145
glm-edge-1.5b Q5_1,175,0,0.1241,439
glm-edge-1.5b Q5_1,176,1,0.1175,263
glm-edge-1.5b Q5_1,177,1,0.1125,382
glm-edge-1.5b Q5_1,178,1,0.0717,202
glm-edge-1.5b Q5_1,179,1,0.0686,120
glm-edge-1.5b Q5_1,180,1,0.0693,143
glm-edge-1.5b Q5_1,181,1,0.1152,380
glm-edge-1.5b Q5_1,182,1,0.0689,169
glm-edge-1.5b Q5_1,183,1,0.1121,353
glm-edge-1.5b Q5_1,184,1,0.1065,382
glm-edge-1.5b Q5_1,185,1,0.1150,573
glm-edge-1.5b Q5_1,186,0,0.1179,473
glm-edge-1.5b Q5_1,187,0,0.1151,287
glm-edge-1.5b Q5_1,188,1,0.0692,179
glm-edge-1.5b Q5_1,189,0,0.0734,235
glm-edge-1.5b Q5_1,190,0,0.0707,246
glm-edge-1.5b Q5_1,191,0,0.1108,294
glm-edge-1.5b Q5_1,192,0,0.0689,174
glm-edge-1.5b Q5_1,193,1,0.1086,372
glm-edge-1.5b Q5_1,194,1,0.1107,423
glm-edge-1.5b Q5_1,195,0,0.1067,263
glm-edge-1.5b Q5_1,196,1,0.1158,434
glm-edge-1.5b Q5_1,197,0,0.1065,305
glm-edge-1.5b Q5_1,198,1,0.1082,319
glm-edge-1.5b Q5_1,199,1,0.0709,236
glm-edge-1.5b Q5_1,200,1,0.1092,285
glm-edge-1.5b Q5_1,201,1,0.0718,350
glm-edge-1.5b Q5_1,202,1,0.0672,148
glm-edge-1.5b Q5_1,203,1,0.0696,271
glm-edge-1.5b Q5_1,204,1,0.0683,241
glm-edge-1.5b Q5_1,205,1,0.1065,185
glm-edge-1.5b Q5_1,206,1,0.1117,375
glm-edge-1.5b Q5_1,207,1,0.1138,443
glm-edge-1.5b Q5_1,208,0,0.1066,361
glm-edge-1.5b Q5_1,209,1,0.0685,223
glm-edge-1.5b Q5_1,210,1,0.0723,251
glm-edge-1.5b Q5_1,211,0,0.1122,290
glm-edge-1.5b Q5_1,212,0,0.0690,254
glm-edge-1.5b Q5_1,213,1,0.1100,407
glm-edge-1.5b Q5_1,214,1,0.1127,476
glm-edge-1.5b Q5_1,215,1,0.1068,294
glm-edge-1.5b Q5_1,216,1,0.0699,241
glm-edge-1.5b Q5_1,217,1,0.1064,262
glm-edge-1.5b Q5_1,218,1,0.0611,91
glm-edge-1.5b Q5_1,219,1,0.1056,274
glm-edge-1.5b Q5_1,220,1,0.1072,274
glm-edge-1.5b Q5_1,221,1,0.1122,335
glm-edge-1.5b Q5_1,222,0,0.0709,184
glm-edge-1.5b Q5_1,223,0,0.1096,334
glm-edge-1.5b Q5_1,224,0,0.0665,156
glm-edge-1.5b Q5_1,225,1,0.1091,355
glm-edge-1.5b Q5_1,226,1,0.1124,382
glm-edge-1.5b Q5_1,227,1,0.1089,340
glm-edge-1.5b Q5_1,228,1,0.0687,172
glm-edge-1.5b Q5_1,229,1,0.0756,286
glm-edge-1.5b Q5_1,230,0,0.1853,676
glm-edge-1.5b Q5_1,231,0,0.2088,928
glm-edge-1.5b Q5_1,232,0,0.0707,207
glm-edge-1.5b Q5_1,233,1,0.0665,91
glm-edge-1.5b Q5_1,234,0,0.0679,173
glm-edge-1.5b Q5_1,235,1,0.0666,239
glm-edge-1.5b Q5_1,236,0,0.1084,274
glm-edge-1.5b Q5_1,237,1,0.1083,314
glm-edge-1.5b Q5_1,238,1,0.1136,415
glm-edge-1.5b Q5_1,239,1,0.0720,206
glm-edge-1.5b Q5_1,240,1,0.0702,239
glm-edge-1.5b Q5_1,241,1,0.1091,317
glm-edge-1.5b Q5_1,242,1,0.0691,266
glm-edge-1.5b Q5_1,243,1,0.0679,156
glm-edge-1.5b Q5_1,244,0,0.1148,399
glm-edge-1.5b Q5_1,245,1,0.0700,273
glm-edge-1.5b Q5_1,246,1,0.0693,247
glm-edge-1.5b Q5_1,247,1,0.1098,328
glm-edge-1.5b Q5_1,248,1,0.0708,185
glm-edge-1.5b Q5_1,249,0,0.0676,137
glm-edge-1.5b Q5_1,250,1,0.0726,224
glm-edge-1.5b Q5_1,251,1,0.1126,413
glm-edge-1.5b Q5_1,252,0,0.1075,323
glm-edge-1.5b Q5_1,253,1,0.0682,174
glm-edge-1.5b Q5_1,254,0,0.1091,314
glm-edge-1.5b Q5_1,255,0,0.0670,217
glm-edge-1.5b Q5_1,256,1,0.0675,136
glm-edge-1.5b Q5_1,257,1,0.1160,494
glm-edge-1.5b Q5_1,258,1,0.1059,328
glm-edge-1.5b Q5_1,259,0,0.1060,224
glm-edge-1.5b Q5_1,260,1,0.1103,314
glm-edge-1.5b Q5_1,261,1,0.0688,181
glm-edge-1.5b Q5_1,262,1,0.1071,289
glm-edge-1.5b Q5_1,263,1,0.0689,146
glm-edge-1.5b Q5_1,264,1,0.1084,253
glm-edge-1.5b Q5_1,265,1,0.1110,300
glm-edge-1.5b Q5_1,266,1,0.0688,206
glm-edge-1.5b Q5_1,267,0,0.1072,263
glm-edge-1.5b Q5_1,268,1,0.1104,356
glm-edge-1.5b Q5_1,269,1,0.1936,946
glm-edge-1.5b Q5_1,270,1,0.0739,254
glm-edge-1.5b Q5_1,271,1,0.0540,112
glm-edge-1.5b Q5_1,272,1,0.0697,201
glm-edge-1.5b Q5_1,273,1,0.0710,244
glm-edge-1.5b Q5_1,274,1,0.0727,236
glm-edge-1.5b Q5_1,275,0,0.1113,349
glm-edge-1.5b Q5_1,276,1,0.1061,178
glm-edge-1.5b Q5_1,277,1,0.0714,244
glm-edge-1.5b Q5_1,278,1,0.1107,391
glm-edge-1.5b Q5_1,279,1,0.0722,235
glm-edge-1.5b Q5_1,280,0,0.1057,160
glm-edge-1.5b Q5_1,281,1,0.1086,392
glm-edge-1.5b Q5_1,282,1,0.0724,264
glm-edge-1.5b Q5_1,283,1,0.0699,211
glm-edge-1.5b Q5_1,284,1,0.1152,444
glm-edge-1.5b Q5_1,285,1,0.0705,147
glm-edge-1.5b Q5_1,286,1,0.1114,336
glm-edge-1.5b Q5_1,287,0,0.1054,290
glm-edge-1.5b Q5_1,288,1,0.0677,213
glm-edge-1.5b Q5_1,289,1,0.1103,428
glm-edge-1.5b Q5_1,290,0,0.1307,542
glm-edge-1.5b Q5_1,291,0,0.1410,252
glm-edge-1.5b Q5_1,292,0,0.0863,170
glm-edge-1.5b Q5_1,293,1,0.0699,245
glm-edge-1.5b Q5_1,294,1,0.0659,168
glm-edge-1.5b Q5_1,295,1,0.0655,138
glm-edge-1.5b Q5_1,296,1,0.0742,300
glm-edge-1.5b Q5_1,297,1,0.0699,232
glm-edge-1.5b Q5_1,298,1,0.1137,492
glm-edge-1.5b Q5_1,299,0,0.1131,493
glm-edge-1.5b Q5_1,300,1,0.0702,225
glm-edge-1.5b Q5_1,301,0,0.1048,223
glm-edge-1.5b Q5_1,302,1,0.0705,210
glm-edge-1.5b Q5_1,303,1,0.0715,322
glm-edge-1.5b Q5_1,304,1,0.0722,232
glm-edge-1.5b Q5_1,305,1,0.0696,134
glm-edge-1.5b Q5_1,306,1,0.0725,272
glm-edge-1.5b Q5_1,307,0,0.0717,224
glm-edge-1.5b Q5_1,308,1,0.0722,196
glm-edge-1.5b Q5_1,309,1,0.0711,241
glm-edge-1.5b Q5_1,310,0,0.1883,667
glm-edge-1.5b Q5_1,311,0,0.1109,361
glm-edge-1.5b Q5_1,312,1,0.0537,100
glm-edge-1.5b Q5_1,313,0,0.1096,223
glm-edge-1.5b Q5_1,314,1,0.1099,311
glm-edge-1.5b Q5_1,315,0,0.1091,285
glm-edge-1.5b Q5_1,316,1,0.0682,272
glm-edge-1.5b Q5_1,317,1,0.1095,337
glm-edge-1.5b Q5_1,318,1,0.1203,550
glm-edge-1.5b Q5_1,319,0,0.0673,129
glm-edge-1.5b Q5_1,320,0,0.1859,588
glm-edge-1.5b Q5_1,321,1,0.0744,228
glm-edge-1.5b Q5_1,322,1,0.1097,376
glm-edge-1.5b Q5_1,323,1,0.0693,226
glm-edge-1.5b Q5_1,324,1,0.0685,160
glm-edge-1.5b Q5_1,325,1,0.1141,476
glm-edge-1.5b Q5_1,326,1,0.0656,151
glm-edge-1.5b Q5_1,327,1,0.0695,223
glm-edge-1.5b Q5_1,328,0,0.0696,192
glm-edge-1.5b Q5_1,329,1,0.0709,152
glm-edge-1.5b Q5_1,330,0,0.1096,307
glm-edge-1.5b Q5_1,331,1,0.1879,593
glm-edge-1.5b Q5_1,332,1,0.0677,193
glm-edge-1.5b Q5_1,333,1,0.1071,219
glm-edge-1.5b Q5_1,334,0,0.1096,334
glm-edge-1.5b Q5_1,335,0,0.1074,308
glm-edge-1.5b Q5_1,336,1,0.1088,177
glm-edge-1.5b Q5_1,337,1,0.1141,402
glm-edge-1.5b Q5_1,338,0,0.1103,234
glm-edge-1.5b Q5_1,339,0,0.0678,298
glm-edge-1.5b Q5_1,340,0,0.0693,232
glm-edge-1.5b Q5_1,341,0,0.0684,165
glm-edge-1.5b Q5_1,342,1,0.0667,197
glm-edge-1.5b Q5_1,343,1,0.1143,521
glm-edge-1.5b Q5_1,344,0,0.1127,388
glm-edge-1.5b Q5_1,345,1,0.1100,377
glm-edge-1.5b Q5_1,346,0,0.0725,198
glm-edge-1.5b Q5_1,347,1,0.0739,270
glm-edge-1.5b Q5_1,348,1,0.0649,148
glm-edge-1.5b Q5_1,349,0,0.0750,250
glm-edge-1.5b Q5_1,350,0,0.0786,167
glm-edge-1.5b Q5_1,351,1,0.1178,376
glm-edge-1.5b Q5_1,352,1,0.0805,222
glm-edge-1.5b Q5_1,353,1,0.0829,216
glm-edge-1.5b Q5_1,354,0,0.0703,230
glm-edge-1.5b Q5_1,355,1,0.0697,191
glm-edge-1.5b Q5_1,356,0,0.1093,438
glm-edge-1.5b Q5_1,357,0,0.1128,387
glm-edge-1.5b Q5_1,358,1,0.0710,171
glm-edge-1.5b Q5_1,359,0,0.1055,262
glm-edge-1.5b Q5_1,360,0,0.1131,396
glm-edge-1.5b Q5_1,361,1,0.1083,264
glm-edge-1.5b Q5_1,362,1,0.0684,197
glm-edge-1.5b Q5_1,363,1,0.0664,206
glm-edge-1.5b Q5_1,364,1,0.1152,470
glm-edge-1.5b Q5_1,365,0,0.0689,224
glm-edge-1.5b Q5_1,366,1,0.0694,224
glm-edge-1.5b Q5_1,367,1,0.0698,257
glm-edge-1.5b Q5_1,368,1,0.0717,258
glm-edge-1.5b Q5_1,369,1,0.0662,219
glm-edge-1.5b Q5_1,370,0,0.1091,303
glm-edge-1.5b Q5_1,371,0,0.0697,125
glm-edge-1.5b Q5_1,372,0,0.1125,302
glm-edge-1.5b Q5_1,373,0,0.1082,232
glm-edge-1.5b Q5_1,374,1,0.1970,663
glm-edge-1.5b Q5_1,375,1,0.1070,263
glm-edge-1.5b Q5_1,376,1,0.0687,287
glm-edge-1.5b Q5_1,377,0,0.0690,143
glm-edge-1.5b Q5_1,378,1,0.1128,377
glm-edge-1.5b Q5_1,379,0,0.0721,246
glm-edge-1.5b Q5_1,380,1,0.1105,273
glm-edge-1.5b Q5_1,381,1,0.0698,231
glm-edge-1.5b Q5_1,382,1,0.1078,300
glm-edge-1.5b Q5_1,383,1,0.1096,328
glm-edge-1.5b Q5_1,384,0,0.1067,252
glm-edge-1.5b Q5_1,385,1,0.0691,149
glm-edge-1.5b Q5_1,386,0,0.0683,173
glm-edge-1.5b Q5_1,387,1,0.1140,453
glm-edge-1.5b Q5_1,388,1,0.0706,268
glm-edge-1.5b Q5_1,389,1,0.1088,367
glm-edge-1.5b Q5_1,390,1,0.1102,345
glm-edge-1.5b Q5_1,391,0,0.0743,453
glm-edge-1.5b Q5_1,392,0,0.1216,479
glm-edge-1.5b Q5_1,393,1,0.1124,314
glm-edge-1.5b Q5_1,394,0,0.1158,442
glm-edge-1.5b Q5_1,395,1,0.0751,200
glm-edge-1.5b Q5_1,396,1,0.1102,491
glm-edge-1.5b Q5_1,397,1,0.0712,291
glm-edge-1.5b Q5_1,398,1,0.1110,393
glm-edge-1.5b Q5_1,399,1,0.1083,359
glm-edge-1.5b Q5_1,400,1,0.0540,120
glm-edge-1.5b Q5_1,401,1,0.1124,401
glm-edge-1.5b Q5_1,402,1,0.1115,371
glm-edge-1.5b Q5_1,403,1,0.1072,322
glm-edge-1.5b Q5_1,404,0,0.1151,440
glm-edge-1.5b Q5_1,405,1,0.1082,393
glm-edge-1.5b Q5_1,406,1,0.1080,335
glm-edge-1.5b Q5_1,407,1,0.1117,390
glm-edge-1.5b Q5_1,408,1,0.1131,457
glm-edge-1.5b Q5_1,409,0,0.1110,285
glm-edge-1.5b Q5_1,410,1,0.1119,370
glm-edge-1.5b Q5_1,411,0,0.0719,240
glm-edge-1.5b Q5_1,412,1,0.0687,174
glm-edge-1.5b Q5_1,413,0,0.1111,310
glm-edge-1.5b Q5_1,414,0,0.1077,323
glm-edge-1.5b Q5_1,415,0,0.1136,344
glm-edge-1.5b Q5_1,416,0,0.1898,724
glm-edge-1.5b Q5_1,417,1,0.0691,171
glm-edge-1.5b Q5_1,418,1,0.0703,260
glm-edge-1.5b Q5_1,419,1,0.1099,386
glm-edge-1.5b Q5_1,420,0,0.0672,134
glm-edge-1.5b Q5_1,421,1,0.1093,406
glm-edge-1.5b Q5_1,422,1,0.1105,444
glm-edge-1.5b Q5_1,423,0,0.1153,414
glm-edge-1.5b Q5_1,424,1,0.1073,407
glm-edge-1.5b Q5_1,425,1,0.1121,449
glm-edge-1.5b Q5_1,426,1,0.1084,268
glm-edge-1.5b Q5_1,427,0,0.0677,165
glm-edge-1.5b Q5_1,428,1,0.1121,492
glm-edge-1.5b Q5_1,429,1,0.0699,196
glm-edge-1.5b Q5_1,430,0,0.0553,100
glm-edge-1.5b Q5_1,431,1,0.1147,586
glm-edge-1.5b Q5_1,432,0,0.1165,375
glm-edge-1.5b Q5_1,433,1,0.0776,272
glm-edge-1.5b Q5_1,434,1,0.1990,606
glm-edge-1.5b Q5_1,435,1,0.1894,405
glm-edge-1.5b Q5_1,436,0,0.1848,598
glm-edge-1.5b Q5_1,437,1,0.0696,178
glm-edge-1.5b Q5_1,438,1,0.1864,580
glm-edge-1.5b Q5_1,439,0,0.1121,369
glm-edge-1.5b Q5_1,440,1,0.0674,193
glm-edge-1.5b Q5_1,441,0,0.0737,149
glm-edge-1.5b Q5_1,442,0,0.1079,257
glm-edge-1.5b Q5_1,443,0,0.1105,372
glm-edge-1.5b Q5_1,444,0,0.1065,268
glm-edge-1.5b Q5_1,445,1,0.0699,212
glm-edge-1.5b Q5_1,446,1,0.1058,267
glm-edge-1.5b Q5_1,447,0,0.0685,191
glm-edge-1.5b Q5_1,448,1,0.1157,480
glm-edge-1.5b Q5_1,449,1,0.1089,339
glm-edge-1.5b Q5_1,450,1,0.1123,386
glm-edge-1.5b Q5_1,451,1,0.0675,142
glm-edge-1.5b Q5_1,452,0,0.0687,189
glm-edge-1.5b Q5_1,453,1,0.1101,320
glm-edge-1.5b Q5_1,454,1,0.1113,465
glm-edge-1.5b Q5_1,455,1,0.1142,509
glm-edge-1.5b Q5_1,456,1,0.0707,193
glm-edge-1.5b Q5_1,457,1,0.1086,299
glm-edge-1.5b Q5_1,458,1,0.1929,610
glm-edge-1.5b Q5_1,459,1,0.1114,284
glm-edge-1.5b Q5_1,460,1,0.0677,129
glm-edge-1.5b Q5_1,461,0,0.1126,476
glm-edge-1.5b Q5_1,462,1,0.1149,463
glm-edge-1.5b Q5_1,463,1,0.0719,265
glm-edge-1.5b Q5_1,464,1,0.0686,180
glm-edge-1.5b Q5_1,465,0,0.1091,307
glm-edge-1.5b Q5_1,466,1,0.1142,458
glm-edge-1.5b Q5_1,467,1,0.1130,311
glm-edge-1.5b Q5_1,468,1,0.1071,355
glm-edge-1.5b Q5_1,469,0,0.1147,425
glm-edge-1.5b Q5_1,470,1,0.1089,317
glm-edge-1.5b Q5_1,471,1,0.0680,215
glm-edge-1.5b Q5_1,472,1,0.1101,326
glm-edge-1.5b Q5_1,473,1,0.0691,167
glm-edge-1.5b Q5_1,474,1,0.1156,510
glm-edge-1.5b Q5_1,475,1,0.0710,223
glm-edge-1.5b Q5_1,476,1,0.0688,173
glm-edge-1.5b Q5_1,477,1,0.1135,494
glm-edge-1.5b Q5_1,478,1,0.0703,164
glm-edge-1.5b Q5_1,479,1,0.0704,298
glm-edge-1.5b Q5_1,480,0,0.0709,271
glm-edge-1.5b Q5_1,481,1,0.0560,106
glm-edge-1.5b Q5_1,482,1,0.1105,364
glm-edge-1.5b Q5_1,483,1,0.1117,401
glm-edge-1.5b Q5_1,484,1,0.1096,241
glm-edge-1.5b Q5_1,485,1,0.1084,352
glm-edge-1.5b Q5_1,486,1,0.0722,268
glm-edge-1.5b Q5_1,487,1,0.0712,186
glm-edge-1.5b Q5_1,488,1,0.0721,266
glm-edge-1.5b Q5_1,489,1,0.0713,196
glm-edge-1.5b Q5_1,490,1,0.1126,350
glm-edge-1.5b Q5_1,491,1,0.1109,342
glm-edge-1.5b Q5_1,492,1,0.0722,223
glm-edge-1.5b Q5_1,493,1,0.1103,301
glm-edge-1.5b Q5_1,494,1,0.0678,181
glm-edge-1.5b Q5_1,495,1,0.0671,186
glm-edge-1.5b Q5_1,496,1,0.1087,358
glm-edge-1.5b Q5_1,497,0,0.0670,147
glm-edge-1.5b Q5_1,498,1,0.1124,237
glm-edge-1.5b Q5_1,499,1,0.1112,478
glm-edge-1.5b Q5_1,500,1,0.1127,395
glm-edge-1.5b Q5_1,501,0,0.0725,267
glm-edge-1.5b Q5_1,502,0,0.1133,358
glm-edge-1.5b Q5_1,503,0,0.0724,168
glm-edge-1.5b Q5_1,504,1,0.1167,550
glm-edge-1.5b Q5_1,505,0,0.1090,216
glm-edge-1.5b Q5_1,506,0,0.1170,336
glm-edge-1.5b Q5_1,507,1,0.1090,305
glm-edge-1.5b Q5_1,508,1,0.1107,322
glm-edge-1.5b Q5_1,509,0,0.1118,217
glm-edge-1.5b Q5_1,510,1,0.0739,173
glm-edge-1.5b Q5_1,511,0,0.0669,134
glm-edge-1.5b Q5_1,512,1,0.0720,223
glm-edge-1.5b Q5_1,513,1,0.0640,93
glm-edge-1.5b Q5_1,514,0,0.1105,250
glm-edge-1.5b Q5_1,515,1,0.0774,261
glm-edge-1.5b Q5_1,516,0,0.1188,345
glm-edge-1.5b Q5_1,517,1,0.0710,244
glm-edge-1.5b Q5_1,518,0,0.0684,168
glm-edge-1.5b Q5_1,519,1,0.0531,111
glm-edge-1.5b Q5_1,520,1,0.0690,148
glm-edge-1.5b Q5_1,521,1,0.0698,224
glm-edge-1.5b Q5_1,522,1,0.0690,137
glm-edge-1.5b Q5_1,523,1,0.1156,529
glm-edge-1.5b Q5_1,524,1,0.1136,431
glm-edge-1.5b Q5_1,525,1,0.0669,129
glm-edge-1.5b Q5_1,526,1,0.1081,315
glm-edge-1.5b Q5_1,527,1,0.1055,265
glm-edge-1.5b Q5_1,528,1,0.0722,242
glm-edge-1.5b Q5_1,529,0,0.1086,300
glm-edge-1.5b Q5_1,530,1,0.0686,226
glm-edge-1.5b Q5_1,531,1,0.1104,383
glm-edge-1.5b Q5_1,532,1,0.1091,398
glm-edge-1.5b Q5_1,533,1,0.0707,160
glm-edge-1.5b Q5_1,534,1,0.0692,177
glm-edge-1.5b Q5_1,535,0,0.0665,119
glm-edge-1.5b Q5_1,536,0,0.0668,183
glm-edge-1.5b Q5_1,537,1,0.0726,290
glm-edge-1.5b Q5_1,538,0,0.0701,285
glm-edge-1.5b Q5_1,539,1,0.0718,286
glm-edge-1.5b Q5_1,540,1,0.0698,244
glm-edge-1.5b Q5_1,541,0,0.1133,308
glm-edge-1.5b Q5_1,542,1,0.1086,296
glm-edge-1.5b Q5_1,543,1,0.1229,570
glm-edge-1.5b Q5_1,544,1,0.1913,843
glm-edge-1.5b Q5_1,545,1,0.0745,184
glm-edge-1.5b Q5_1,546,1,0.0701,202
glm-edge-1.5b Q5_1,547,1,0.0690,124
glm-edge-1.5b Q5_1,548,1,0.1110,299
glm-edge-1.5b Q5_1,549,1,0.0676,196
glm-edge-1.5b Q5_1,550,1,0.0675,200
glm-edge-1.5b Q5_1,551,1,0.0703,206
glm-edge-1.5b Q5_1,552,1,0.1067,274
glm-edge-1.5b Q5_1,553,1,0.0529,88
glm-edge-1.5b Q5_1,554,1,0.1077,292
glm-edge-1.5b Q5_1,555,1,0.0687,251
glm-edge-1.5b Q5_1,556,1,0.1150,553
glm-edge-1.5b Q5_1,557,1,0.1130,388
glm-edge-1.5b Q5_1,558,1,0.0688,176
glm-edge-1.5b Q5_1,559,1,0.0690,159
glm-edge-1.5b Q5_1,560,0,0.1084,374
glm-edge-1.5b Q5_1,561,1,0.0671,206
glm-edge-1.5b Q5_1,562,1,0.0719,174
glm-edge-1.5b Q5_1,563,0,0.1142,556
glm-edge-1.5b Q5_1,564,1,0.0682,197
glm-edge-1.5b Q5_1,565,1,0.1095,370
glm-edge-1.5b Q5_1,566,1,0.1159,490
glm-edge-1.5b Q5_1,567,1,0.0706,154
glm-edge-1.5b Q5_1,568,1,0.1063,299
glm-edge-1.5b Q5_1,569,1,0.0708,245
glm-edge-1.5b Q5_1,570,0,0.1089,264
glm-edge-1.5b Q5_1,571,1,0.0671,149
glm-edge-1.5b Q5_1,572,1,0.0717,158
glm-edge-1.5b Q5_1,573,0,0.1113,348
glm-edge-1.5b Q5_1,574,1,0.1856,640
glm-edge-1.5b Q5_1,575,1,0.0706,90
glm-edge-1.5b Q5_1,576,0,0.0717,198
glm-edge-1.5b Q5_1,577,1,0.1149,493
glm-edge-1.5b Q5_1,578,0,0.0726,162
glm-edge-1.5b Q5_1,579,1,0.1094,319
glm-edge-1.5b Q5_1,580,1,0.0688,171
glm-edge-1.5b Q5_1,581,0,0.0720,287
glm-edge-1.5b Q5_1,582,1,0.0667,139
glm-edge-1.5b Q5_1,583,1,0.0705,252
glm-edge-1.5b Q5_1,584,1,0.1924,659
glm-edge-1.5b Q5_1,585,1,0.0708,263
glm-edge-1.5b Q5_1,586,1,0.0671,200
glm-edge-1.5b Q5_1,587,0,0.0688,190
glm-edge-1.5b Q5_1,588,1,0.1863,607
glm-edge-1.5b Q5_1,589,0,0.0706,145
glm-edge-1.5b Q5_1,590,1,0.1132,336
glm-edge-1.5b Q5_1,591,0,0.0705,148
glm-edge-1.5b Q5_1,592,1,0.0653,120
glm-edge-1.5b Q5_1,593,1,0.0699,171
glm-edge-1.5b Q5_1,594,0,0.0696,259
glm-edge-1.5b Q5_1,595,1,0.1113,281
glm-edge-1.5b Q5_1,596,0,0.1071,222
glm-edge-1.5b Q5_1,597,0,0.1084,374
glm-edge-1.5b Q5_1,598,0,0.1144,428
glm-edge-1.5b Q5_1,599,0,0.1886,571
glm-edge-1.5b Q5_1,600,1,0.1071,235
glm-edge-1.5b Q5_1,601,1,0.0514,92
glm-edge-1.5b Q5_1,602,1,0.1096,382
glm-edge-1.5b Q5_1,603,1,0.0666,191
glm-edge-1.5b Q5_1,604,1,0.1137,433
glm-edge-1.5b Q5_1,605,0,0.0713,215
glm-edge-1.5b Q5_1,606,1,0.0670,168
glm-edge-1.5b Q5_1,607,0,0.0678,178
glm-edge-1.5b Q5_1,608,0,0.0709,266
glm-edge-1.5b Q5_1,609,0,0.1105,364
glm-edge-1.5b Q5_1,610,1,0.1089,372
glm-edge-1.5b Q5_1,611,1,0.0698,231
glm-edge-1.5b Q5_1,612,1,0.1121,255
glm-edge-1.5b Q5_1,613,1,0.1112,183
glm-edge-1.5b Q5_1,614,0,0.0687,198
glm-edge-1.5b Q5_1,615,0,0.1125,474
glm-edge-1.5b Q5_1,616,1,0.1117,289
glm-edge-1.5b Q5_1,617,0,0.1096,232
glm-edge-1.5b Q5_1,618,1,0.0674,195
glm-edge-1.5b Q5_1,619,1,0.0675,250
glm-edge-1.5b Q5_1,620,1,0.0687,135
glm-edge-1.5b Q5_1,621,1,0.1119,219
glm-edge-1.5b Q5_1,622,1,0.0709,234
glm-edge-1.5b Q5_1,623,0,0.1112,348
glm-edge-1.5b Q5_1,624,1,0.0766,157
glm-edge-1.5b Q5_1,625,1,0.1448,307
glm-edge-1.5b Q5_1,626,0,0.1312,318
glm-edge-1.5b Q5_1,627,1,0.0750,255
glm-edge-1.5b Q5_1,628,1,0.0759,138
glm-edge-1.5b Q5_1,629,1,0.0790,256
glm-edge-1.5b Q5_1,630,0,0.0876,336
glm-edge-1.5b Q5_1,631,1,0.1328,420
glm-edge-1.5b Q5_1,632,1,0.1054,360
glm-edge-1.5b Q5_1,633,1,0.1082,287
glm-edge-1.5b Q5_1,634,0,0.1146,430
glm-edge-1.5b Q5_1,635,1,0.1113,512
glm-edge-1.5b Q5_1,636,0,0.1181,478
glm-edge-1.5b Q5_1,637,0,0.1130,509
glm-edge-1.5b Q5_1,638,1,0.0712,133
glm-edge-1.5b Q5_1,639,0,0.0684,115
glm-edge-1.5b Q5_1,640,1,0.1111,423
glm-edge-1.5b Q5_1,641,1,0.1138,340
glm-edge-1.5b Q5_1,642,1,0.1138,249
glm-edge-1.5b Q5_1,643,1,0.0735,213
glm-edge-1.5b Q5_1,644,1,0.0660,141
glm-edge-1.5b Q5_1,645,0,0.1101,321
glm-edge-1.5b Q5_1,646,1,0.1100,289
glm-edge-1.5b Q5_1,647,0,0.1074,183
glm-edge-1.5b Q5_1,648,1,0.0539,90
glm-edge-1.5b Q5_1,649,1,0.0696,259
glm-edge-1.5b Q5_1,650,1,0.1092,368
glm-edge-1.5b Q5_1,651,1,0.1110,420
glm-edge-1.5b Q5_1,652,1,0.0728,248
glm-edge-1.5b Q5_1,653,1,0.0711,226
glm-edge-1.5b Q5_1,654,0,0.0723,166
glm-edge-1.5b Q5_1,655,1,0.0716,319
glm-edge-1.5b Q5_1,656,1,0.0703,175
glm-edge-1.5b Q5_1,657,0,0.1145,474
glm-edge-1.5b Q5_1,658,0,0.1115,311
glm-edge-1.5b Q5_1,659,0,0.1068,250
glm-edge-1.5b Q5_1,660,1,0.1155,526
glm-edge-1.5b Q5_1,661,0,0.1141,379
glm-edge-1.5b Q5_1,662,1,0.0739,280
glm-edge-1.5b Q5_1,663,1,0.0733,240
glm-edge-1.5b Q5_1,664,1,0.1097,326
glm-edge-1.5b Q5_1,665,0,0.0716,191
glm-edge-1.5b Q5_1,666,1,0.0698,245
glm-edge-1.5b Q5_1,667,0,0.1114,368
glm-edge-1.5b Q5_1,668,1,0.1097,263
glm-edge-1.5b Q5_1,669,0,0.0721,273
glm-edge-1.5b Q5_1,670,1,0.1074,250
glm-edge-1.5b Q5_1,671,1,0.1121,428
glm-edge-1.5b Q5_1,672,1,0.0731,216
glm-edge-1.5b Q5_1,673,1,0.1125,236
glm-edge-1.5b Q5_1,674,1,0.1099,262
glm-edge-1.5b Q5_1,675,1,0.0683,110
glm-edge-1.5b Q5_1,676,0,0.1088,322
glm-edge-1.5b Q5_1,677,0,0.0705,163
glm-edge-1.5b Q5_1,678,0,0.1085,362
glm-edge-1.5b Q5_1,679,0,0.0738,245
glm-edge-1.5b Q5_1,680,1,0.1097,312
glm-edge-1.5b Q5_1,681,1,0.0730,245
glm-edge-1.5b Q5_1,682,0,0.0714,262
glm-edge-1.5b Q5_1,683,1,0.0716,253
glm-edge-1.5b Q5_1,684,1,0.0701,160
glm-edge-1.5b Q5_1,685,0,0.0734,202
glm-edge-1.5b Q5_1,686,0,0.1092,290
glm-edge-1.5b Q5_1,687,1,0.0697,189
glm-edge-1.5b Q5_1,688,1,0.0697,192
glm-edge-1.5b Q5_1,689,1,0.0710,199
glm-edge-1.5b Q5_1,690,1,0.1111,291
glm-edge-1.5b Q5_1,691,1,0.0721,204
glm-edge-1.5b Q5_1,692,1,0.1157,582
glm-edge-1.5b Q5_1,693,0,0.0690,142
glm-edge-1.5b Q5_1,694,1,0.0705,214
glm-edge-1.5b Q5_1,695,1,0.0724,208
glm-edge-1.5b Q5_1,696,1,0.1089,277
glm-edge-1.5b Q5_1,697,1,0.1118,333
glm-edge-1.5b Q5_1,698,1,0.1118,345
glm-edge-1.5b Q5_1,699,1,0.0696,159
glm-edge-1.5b Q5_1,700,0,0.0653,134
glm-edge-1.5b Q5_1,701,0,0.0707,252
glm-edge-1.5b Q5_1,702,1,0.0698,260
glm-edge-1.5b Q5_1,703,1,0.0735,226
glm-edge-1.5b Q5_1,704,1,0.0708,201
glm-edge-1.5b Q5_1,705,1,0.1119,413
glm-edge-1.5b Q5_1,706,0,0.1108,258
glm-edge-1.5b Q5_1,707,0,0.1135,430
glm-edge-1.5b Q5_1,708,1,0.1150,303
glm-edge-1.5b Q5_1,709,0,0.1146,448
glm-edge-1.5b Q5_1,710,0,0.1095,318
glm-edge-1.5b Q5_1,711,0,0.0710,230
glm-edge-1.5b Q5_1,712,0,0.0683,209
glm-edge-1.5b Q5_1,713,1,0.1107,325
glm-edge-1.5b Q5_1,714,1,0.1871,497
glm-edge-1.5b Q5_1,715,1,0.1129,357
glm-edge-1.5b Q5_1,716,1,0.0715,275
glm-edge-1.5b Q5_1,717,0,0.1101,174
glm-edge-1.5b Q5_1,718,0,0.1133,379
glm-edge-1.5b Q5_1,719,0,0.0722,230
glm-edge-1.5b Q5_1,720,0,0.0523,120
glm-edge-1.5b Q5_1,721,1,0.0643,168
glm-edge-1.5b Q5_1,722,0,0.1059,284
glm-edge-1.5b Q5_1,723,1,0.0684,196
glm-edge-1.5b Q5_1,724,1,0.0708,229
glm-edge-1.5b Q5_1,725,1,0.1095,329
glm-edge-1.5b Q5_1,726,1,0.0695,169
glm-edge-1.5b Q5_1,727,1,0.1068,355
glm-edge-1.5b Q5_1,728,0,0.0711,155
glm-edge-1.5b Q5_1,729,0,0.1135,400
glm-edge-1.5b Q5_1,730,1,0.1162,469
glm-edge-1.5b Q5_1,731,1,0.1149,486
glm-edge-1.5b Q5_1,732,0,0.1084,326
glm-edge-1.5b Q5_1,733,1,0.0696,248
glm-edge-1.5b Q5_1,734,0,0.0739,262
glm-edge-1.5b Q5_1,735,0,0.0784,254
glm-edge-1.5b Q5_1,736,1,0.1182,339
glm-edge-1.5b Q5_1,737,0,0.0797,159
glm-edge-1.5b Q5_1,738,1,0.0797,253
glm-edge-1.5b Q5_1,739,1,0.1178,275
glm-edge-1.5b Q5_1,740,1,0.0800,162
glm-edge-1.5b Q5_1,741,1,0.1244,564
glm-edge-1.5b Q5_1,742,1,0.1303,241
glm-edge-1.5b Q5_1,743,0,0.1260,354
glm-edge-1.5b Q5_1,744,0,0.0846,137
glm-edge-1.5b Q5_1,745,1,0.1065,356
glm-edge-1.5b Q5_1,746,0,0.1095,310
glm-edge-1.5b Q5_1,747,0,0.0678,198
glm-edge-1.5b Q5_1,748,1,0.1076,263
glm-edge-1.5b Q5_1,749,1,0.0734,231
glm-edge-1.5b Q5_1,750,1,0.1086,254
glm-edge-1.5b Q5_1,751,0,0.0696,274
glm-edge-1.5b Q5_1,752,0,0.1141,388
glm-edge-1.5b Q5_1,753,1,0.1118,255
glm-edge-1.5b Q5_1,754,1,0.1152,310
glm-edge-1.5b Q5_1,755,0,0.1155,363
glm-edge-1.5b Q5_1,756,0,0.1042,304
glm-edge-1.5b Q5_1,757,0,0.1097,447
glm-edge-1.5b Q5_1,758,1,0.0723,245
glm-edge-1.5b Q5_1,759,1,0.1088,323
glm-edge-1.5b Q5_1,760,1,0.0719,264
glm-edge-1.5b Q5_1,761,0,0.1106,347
glm-edge-1.5b Q5_1,762,1,0.1115,341
glm-edge-1.5b Q5_1,763,1,0.0722,264
glm-edge-1.5b Q5_1,764,1,0.1072,336
glm-edge-1.5b Q5_1,765,1,0.1113,394
glm-edge-1.5b Q5_1,766,1,0.1127,513
glm-edge-1.5b Q5_1,767,1,0.1166,471
glm-edge-1.5b Q5_1,768,0,0.0729,185
glm-edge-1.5b Q5_1,769,0,0.0727,304
glm-edge-1.5b Q5_1,770,0,0.1123,332
glm-edge-1.5b Q5_1,771,1,0.0685,150
glm-edge-1.5b Q5_1,772,0,0.0709,202
glm-edge-1.5b Q5_1,773,1,0.0680,149
glm-edge-1.5b Q5_1,774,0,0.1111,334
glm-edge-1.5b Q5_1,775,1,0.0687,116
glm-edge-1.5b Q5_1,776,1,0.1125,304
glm-edge-1.5b Q5_1,777,0,0.0707,216
glm-edge-1.5b Q5_1,778,1,0.0706,189
glm-edge-1.5b Q5_1,779,1,0.1085,353
glm-edge-1.5b Q5_1,780,1,0.1121,400
glm-edge-1.5b Q5_1,781,1,0.0706,180
glm-edge-1.5b Q5_1,782,1,0.0677,145
glm-edge-1.5b Q5_1,783,1,0.0707,313
glm-edge-1.5b Q5_1,784,1,0.0728,283
glm-edge-1.5b Q5_1,785,1,0.1217,394
glm-edge-1.5b Q5_1,786,0,0.0703,166
glm-edge-1.5b Q5_1,787,0,0.1147,395
glm-edge-1.5b Q5_1,788,0,0.1855,634
glm-edge-1.5b Q5_1,789,1,0.1141,442
glm-edge-1.5b Q5_1,790,1,0.1117,347
glm-edge-1.5b Q5_1,791,1,0.0697,176
glm-edge-1.5b Q5_1,792,0,0.1076,327
glm-edge-1.5b Q5_1,793,1,0.0710,193
glm-edge-1.5b Q5_1,794,0,0.1091,375
glm-edge-1.5b Q5_1,795,0,0.1107,356
glm-edge-1.5b Q5_1,796,1,0.0721,257
glm-edge-1.5b Q5_1,797,0,0.1083,303
glm-edge-1.5b Q5_1,798,1,0.1102,304
glm-edge-1.5b Q5_1,799,1,0.1162,535
