task,depth,top_k,partial,answer,correct
0,4096,UVMGA;RMTJU;HUSKN;RFOUG;URVIC,1,"VAR UVMGA = 63732
The grass is green. The sky is blue.
The sun is yellow. Here we go. There and back again.
The grass is green. The sky is blue.
The sun is yellow. Here we go. There and back again.
The grass is green. The sky is blue.
The sun is yellow. Here we go. There and back again.
The grass is green. The sky is blue.
The sun is yellow. Here we go. There and back again.
The grass is green. The sky is blue.
The",0
